id_cliente,volume,ticker,prezzo,operazione,timestamp
5705,269,TSLA,362.2,SELL,2024-05-13 09:32:00
6298,295,META,510.4,SELL,2024-05-09 16:43:00
5258,812,TSLA,565.97,SELL,2024-03-02 02:07:00
4669,530,AMZN,136.06,BUY,2024-03-21 00:09:00
4669,232,MSFT,824.07,SELL,2024-03-15 17:16:00
7938,521,META,332.56,SELL,2024-05-11 23:29:00
9952,510,MSFT,399.97,SELL,2024-01-23 21:18:00
7531,95,MSFT,452.08,BUY,2024-01-19 17:33:00
7938,376,META,329.33,BUY,2024-02-21 02:41:00
5751,569,TSLA,283.62,BUY,2024-04-19 20:21:00
5751,793,MSFT,140.36,BUY,2024-03-17 06:16:00
9952,870,AMZN,399.04,SELL,2024-05-24 18:16:00
9094,885,META,750.24,BUY,2024-04-03 17:41:00
7938,461,TSLA,969.26,BUY,2024-02-03 08:04:00
9952,580,META,408.09,SELL,2024-04-19 13:51:00
5297,695,META,922.39,SELL,2024-02-07 07:39:00
5705,731,AMZN,806.26,BUY,2024-05-09 08:59:00
5705,45,AMZN,119.97,BUY,2024-05-10 07:01:00
5705,801,MSFT,413.82,SELL,2024-02-09 01:37:00
6298,870,TSLA,948.6,BUY,2024-05-06 18:19:00
4710,121,MSFT,515.17,SELL,2024-04-29 11:59:00
9094,978,MSFT,181.3,BUY,2024-05-11 15:53:00
5297,828,AMZN,445.17,SELL,2024-01-18 19:19:00
4669,278,TSLA,664.63,SELL,2024-01-06 15:02:00
5297,728,TSLA,386.12,SELL,2024-01-26 10:40:00
5705,75,MSFT,700.33,BUY,2024-02-27 22:09:00
6298,260,TSLA,383.0,BUY,2024-01-28 20:07:00
7922,538,META,578.31,SELL,2024-03-18 05:33:00
7922,297,TSLA,290.65,BUY,2024-04-02 16:06:00
7531,950,AMZN,975.13,BUY,2024-03-10 07:59:00
5258,169,TSLA,166.88,BUY,2024-01-19 09:15:00
5297,699,AMZN,450.45,SELL,2024-02-06 17:23:00
9952,43,TSLA,203.55,BUY,2024-04-26 04:30:00
7922,168,AMZN,809.66,SELL,2024-01-26 16:03:00
2941,278,AMZN,514.75,SELL,2024-05-13 19:05:00
7922,821,TSLA,104.05,BUY,2024-05-06 10:46:00
9952,504,AMZN,808.15,BUY,2024-03-23 19:01:00
5751,483,META,962.77,SELL,2024-01-12 16:26:00
4168,689,MSFT,782.52,BUY,2024-02-28 20:54:00
5705,770,AMZN,520.88,BUY,2024-03-29 08:04:00
5751,415,TSLA,395.0,BUY,2024-01-04 07:41:00
7938,945,TSLA,851.97,SELL,2024-02-22 21:24:00
5751,449,AMZN,775.08,SELL,2024-01-27 20:47:00
7922,66,TSLA,750.49,BUY,2024-04-13 12:49:00
5751,117,MSFT,681.87,BUY,2024-02-29 11:49:00
5751,275,AMZN,376.4,SELL,2024-01-08 02:06:00
5705,993,MSFT,365.78,BUY,2024-03-21 00:55:00
7531,909,AMZN,118.13,SELL,2024-05-22 08:43:00
9952,337,META,572.53,BUY,2024-01-08 06:49:00
7531,23,MSFT,642.09,BUY,2024-03-03 07:49:00
7531,811,META,360.31,SELL,2024-02-17 02:41:00
4669,483,META,200.37,SELL,2024-02-21 03:09:00
4168,881,MSFT,811.67,BUY,2024-04-17 05:52:00
1691,850,AMZN,276.17,BUY,2024-01-14 09:54:00
7938,769,TSLA,411.82,BUY,2024-05-13 07:00:00
7938,700,TSLA,632.45,SELL,2024-02-25 03:41:00
5258,134,TSLA,977.89,BUY,2024-05-30 18:23:00
4168,245,META,393.14,BUY,2024-05-08 07:29:00
4168,223,MSFT,353.19,BUY,2024-01-27 15:04:00
5258,700,MSFT,471.25,BUY,2024-03-30 18:46:00
2941,267,MSFT,639.44,SELL,2024-04-13 00:10:00
4168,725,TSLA,785.92,BUY,2024-05-13 08:03:00
7922,522,META,666.09,BUY,2024-03-02 02:49:00
4710,813,MSFT,380.02,SELL,2024-01-04 15:18:00
7531,459,AMZN,386.75,BUY,2024-02-19 11:09:00
7938,847,MSFT,952.52,BUY,2024-02-18 19:25:00
7922,839,AMZN,808.49,SELL,2024-03-22 04:04:00
5258,321,TSLA,207.61,BUY,2024-02-20 21:38:00
7531,927,TSLA,191.14,BUY,2024-01-16 07:33:00
6298,409,AMZN,981.87,BUY,2024-02-25 11:38:00
5297,213,META,975.01,SELL,2024-03-27 10:36:00
7938,166,AMZN,362.01,BUY,2024-05-30 14:47:00
5751,619,MSFT,503.32,BUY,2024-05-29 20:14:00
9094,546,MSFT,134.91,SELL,2024-03-08 16:01:00
4669,227,META,926.13,BUY,2024-04-30 07:54:00
5258,8,TSLA,311.81,SELL,2024-03-08 20:25:00
4168,812,META,554.43,SELL,2024-03-25 21:07:00
5297,919,META,718.55,SELL,2024-02-08 05:04:00
2941,672,META,341.72,SELL,2024-03-18 06:52:00
4669,755,TSLA,150.05,SELL,2024-04-16 13:46:00
7531,323,TSLA,453.81,SELL,2024-03-16 05:51:00
5258,314,AMZN,619.22,BUY,2024-05-05 05:51:00
4710,110,META,653.44,SELL,2024-05-11 15:03:00
7922,275,AMZN,220.84,SELL,2024-04-20 09:39:00
7531,262,META,716.1,SELL,2024-05-23 21:58:00
7531,35,TSLA,808.01,SELL,2024-01-16 19:17:00
1691,629,META,177.22,SELL,2024-03-04 09:17:00
9952,768,AMZN,764.23,BUY,2024-02-27 16:31:00
4168,558,TSLA,211.4,SELL,2024-01-31 06:04:00
2941,48,AMZN,528.02,SELL,2024-02-07 19:18:00
4669,276,AMZN,445.5,SELL,2024-05-30 14:22:00
4710,165,MSFT,691.4,SELL,2024-03-02 01:58:00
5297,607,TSLA,826.96,BUY,2024-05-05 19:12:00
7922,679,AMZN,516.61,BUY,2024-01-11 18:22:00
7922,344,AMZN,887.43,SELL,2024-05-01 03:51:00
4710,871,AMZN,690.69,BUY,2024-02-11 18:25:00
9952,586,TSLA,645.92,SELL,2024-03-22 10:14:00
7922,170,MSFT,154.26,BUY,2024-04-17 03:00:00
4710,935,META,425.45,SELL,2024-03-23 04:42:00
2941,467,TSLA,515.87,SELL,2024-01-07 17:08:00
5705,984,AMZN,962.39,BUY,2024-01-25 16:35:00
9094,980,MSFT,804.71,SELL,2024-05-02 09:42:00
4669,231,META,690.56,SELL,2024-01-09 17:15:00
5751,447,MSFT,943.88,BUY,2024-02-09 08:31:00
7938,176,AMZN,809.94,SELL,2024-01-21 21:47:00
7531,854,AMZN,739.17,BUY,2024-04-19 04:41:00
7938,911,META,883.49,BUY,2024-05-04 05:23:00
5297,228,TSLA,875.57,BUY,2024-04-14 21:09:00
7938,547,TSLA,733.09,BUY,2024-05-12 20:44:00
1691,668,MSFT,654.85,SELL,2024-02-13 02:42:00
4710,583,MSFT,136.7,BUY,2024-01-25 11:53:00
5751,764,AMZN,498.11,SELL,2024-01-04 22:23:00
4669,271,MSFT,631.48,SELL,2024-01-24 06:58:00
4710,367,META,670.42,BUY,2024-04-11 19:01:00
5705,919,TSLA,626.57,SELL,2024-05-10 12:50:00
9094,643,TSLA,625.11,BUY,2024-05-04 01:58:00
4168,266,MSFT,375.4,BUY,2024-03-21 18:38:00
7531,877,META,189.75,SELL,2024-01-07 09:25:00
4669,552,META,502.55,SELL,2024-02-13 06:20:00
5297,703,META,218.38,SELL,2024-02-02 06:21:00
7938,578,AMZN,938.28,SELL,2024-02-29 03:25:00
4669,142,AMZN,263.05,SELL,2024-04-12 01:14:00
9094,939,META,996.61,BUY,2024-01-12 23:03:00
2941,530,TSLA,444.84,SELL,2024-03-23 21:04:00
9952,288,META,465.57,SELL,2024-02-16 08:29:00
9094,101,MSFT,452.94,BUY,2024-01-02 09:59:00
4669,674,MSFT,313.47,SELL,2024-05-26 20:20:00
4168,604,TSLA,577.52,SELL,2024-05-04 17:40:00
2941,899,AMZN,548.51,BUY,2024-04-15 15:52:00
7922,274,META,796.81,BUY,2024-04-26 04:36:00
1691,701,TSLA,342.53,BUY,2024-04-07 06:36:00
4669,950,META,696.91,SELL,2024-05-25 09:04:00
5297,791,AMZN,676.84,SELL,2024-01-22 05:58:00
7531,980,MSFT,993.11,SELL,2024-04-20 15:36:00
2941,636,MSFT,298.98,BUY,2024-02-12 18:07:00
5751,79,AMZN,834.42,BUY,2024-05-29 05:34:00
6298,283,AMZN,124.17,BUY,2024-03-07 14:06:00
7531,753,TSLA,430.28,BUY,2024-01-12 01:05:00
4669,47,AMZN,614.26,BUY,2024-02-13 03:45:00
2941,303,META,346.49,SELL,2024-04-08 16:45:00
4710,556,TSLA,586.97,SELL,2024-02-16 13:21:00
4669,959,TSLA,980.54,SELL,2024-02-09 02:05:00
2941,673,MSFT,292.62,SELL,2024-04-22 23:57:00
7922,616,AMZN,177.14,BUY,2024-04-24 22:14:00
7938,186,META,802.31,SELL,2024-04-09 10:54:00
2941,239,TSLA,980.46,SELL,2024-04-26 11:54:00
6298,106,TSLA,724.47,SELL,2024-01-25 13:38:00
7531,920,MSFT,219.51,BUY,2024-03-27 20:45:00
5258,167,META,814.61,SELL,2024-02-22 22:51:00
7531,589,AMZN,440.45,BUY,2024-03-10 10:56:00
5297,349,AMZN,665.75,SELL,2024-03-11 16:14:00
9952,941,TSLA,376.66,SELL,2024-01-01 13:23:00
7531,326,AMZN,932.77,SELL,2024-04-18 16:28:00
7531,14,AMZN,881.23,BUY,2024-05-06 23:14:00
5258,140,MSFT,434.05,BUY,2024-02-03 13:42:00
6298,371,MSFT,902.37,BUY,2024-03-17 22:19:00
5751,499,TSLA,492.34,SELL,2024-02-03 18:22:00
4710,894,MSFT,819.25,BUY,2024-03-16 22:18:00
4710,382,MSFT,425.98,SELL,2024-05-15 12:29:00
9952,220,AMZN,739.76,BUY,2024-01-09 05:28:00
4669,253,MSFT,410.57,BUY,2024-04-07 03:17:00
9094,623,TSLA,226.48,BUY,2024-05-10 05:20:00
7922,644,AMZN,347.58,BUY,2024-02-23 00:48:00
5297,504,TSLA,939.01,BUY,2024-01-30 03:37:00
4168,851,META,276.96,SELL,2024-05-22 13:00:00
6298,754,TSLA,982.6,BUY,2024-03-05 22:06:00
7531,717,MSFT,945.07,SELL,2024-02-02 22:29:00
9952,546,MSFT,694.91,BUY,2024-01-21 14:09:00
9094,128,META,722.22,BUY,2024-05-16 09:07:00
1691,784,TSLA,639.67,SELL,2024-03-15 17:21:00
6298,857,MSFT,221.54,SELL,2024-02-28 00:23:00
7938,225,TSLA,601.72,BUY,2024-04-05 18:58:00
7531,88,TSLA,488.62,BUY,2024-05-03 00:06:00
7922,447,META,469.81,SELL,2024-02-06 14:08:00
5705,526,MSFT,516.06,SELL,2024-04-01 09:27:00
2941,926,MSFT,839.64,SELL,2024-05-07 03:00:00
4669,74,TSLA,517.17,SELL,2024-05-11 09:21:00
4710,715,META,364.24,SELL,2024-02-04 23:47:00
2941,144,TSLA,363.05,SELL,2024-04-01 08:04:00
9094,214,TSLA,555.15,SELL,2024-02-06 05:53:00
7938,817,META,143.19,SELL,2024-01-06 15:44:00
4168,288,AMZN,650.05,SELL,2024-03-04 21:14:00
9952,964,META,909.84,SELL,2024-03-27 13:38:00
4710,876,AMZN,645.25,SELL,2024-05-04 01:41:00
5297,294,AMZN,894.29,SELL,2024-03-02 04:39:00
5751,194,MSFT,641.82,BUY,2024-02-14 05:40:00
4168,188,META,979.2,BUY,2024-02-18 09:23:00
7922,441,AMZN,853.1,SELL,2024-01-12 14:57:00
5258,691,MSFT,169.78,SELL,2024-01-02 07:36:00
5297,826,META,562.29,SELL,2024-02-09 16:23:00
4710,104,MSFT,487.22,BUY,2024-04-07 11:28:00
2941,518,MSFT,726.73,BUY,2024-04-22 10:32:00
2941,501,AMZN,700.27,SELL,2024-03-29 03:41:00
2941,187,TSLA,108.41,BUY,2024-01-26 02:22:00
7531,688,MSFT,244.33,SELL,2024-03-31 23:24:00
6298,552,MSFT,679.95,BUY,2024-01-09 06:16:00
7922,456,MSFT,775.48,BUY,2024-04-28 22:05:00
9094,65,TSLA,451.47,SELL,2024-02-18 02:13:00
7922,36,TSLA,682.59,BUY,2024-02-07 19:02:00
5751,486,META,594.59,SELL,2024-05-05 11:28:00
4669,818,META,390.65,BUY,2024-01-18 07:30:00
5705,466,AMZN,940.26,BUY,2024-01-29 19:34:00
7922,399,MSFT,189.16,BUY,2024-02-17 04:02:00
9952,252,AMZN,561.97,SELL,2024-01-31 07:59:00
2941,587,META,452.93,SELL,2024-05-16 08:42:00
5705,81,TSLA,489.04,BUY,2024-03-07 04:26:00
1691,744,TSLA,765.5,BUY,2024-04-21 14:19:00
4710,236,META,296.07,BUY,2024-04-08 11:04:00
7922,279,META,419.69,BUY,2024-03-21 10:34:00
6298,266,AMZN,709.65,SELL,2024-03-19 22:41:00
4669,508,TSLA,277.93,BUY,2024-02-02 12:24:00
4168,489,AMZN,562.8,BUY,2024-01-14 16:52:00
5258,282,META,256.56,BUY,2024-05-07 11:48:00
9094,818,AMZN,980.78,BUY,2024-01-22 20:37:00
7922,375,MSFT,648.55,SELL,2024-01-02 12:42:00
9952,740,META,969.03,BUY,2024-05-29 11:20:00
4168,117,MSFT,788.46,BUY,2024-04-09 13:13:00
9094,419,AMZN,334.56,SELL,2024-03-25 21:32:00
4669,988,MSFT,245.42,SELL,2024-02-10 02:20:00
2941,237,TSLA,813.23,SELL,2024-01-29 18:08:00
7922,138,MSFT,527.37,BUY,2024-05-25 05:17:00
5297,902,MSFT,124.98,BUY,2024-05-15 10:37:00
9952,84,AMZN,440.16,BUY,2024-01-20 02:30:00
4168,483,TSLA,656.42,SELL,2024-05-25 16:24:00
7922,831,AMZN,307.19,BUY,2024-05-22 13:11:00
6298,513,TSLA,779.23,BUY,2024-02-21 22:10:00
4669,304,MSFT,716.47,SELL,2024-01-06 19:33:00
4168,420,MSFT,158.32,SELL,2024-05-21 12:44:00
5705,223,TSLA,929.23,SELL,2024-05-15 15:19:00
5297,834,AMZN,345.63,BUY,2024-05-10 10:58:00
9952,791,META,481.75,BUY,2024-05-28 21:15:00
5258,763,AMZN,177.93,BUY,2024-04-06 04:17:00
2941,14,MSFT,569.52,BUY,2024-05-08 06:36:00
9094,281,MSFT,612.11,SELL,2024-03-04 20:21:00
5705,18,AMZN,957.14,BUY,2024-03-29 15:32:00
9094,55,META,508.46,BUY,2024-05-18 22:05:00
7531,636,TSLA,297.35,BUY,2024-04-29 05:35:00
5297,681,META,418.13,SELL,2024-02-23 18:44:00
7922,621,TSLA,277.64,SELL,2024-02-14 10:05:00
7531,886,TSLA,854.78,SELL,2024-03-08 03:52:00
4168,612,AMZN,634.94,BUY,2024-03-22 20:58:00
5297,539,MSFT,219.05,BUY,2024-03-07 18:55:00
6298,272,META,647.04,SELL,2024-01-29 13:08:00
7531,949,META,100.7,SELL,2024-05-18 08:50:00
9952,865,AMZN,734.83,SELL,2024-01-20 00:07:00
4710,720,TSLA,325.74,BUY,2024-01-28 17:53:00
5751,534,AMZN,815.94,BUY,2024-02-28 08:52:00
5751,390,AMZN,356.92,BUY,2024-05-26 01:12:00
5258,315,AMZN,633.68,BUY,2024-05-15 11:58:00
9952,59,TSLA,222.14,SELL,2024-02-19 16:22:00
9094,475,TSLA,512.38,BUY,2024-02-18 15:45:00
9094,741,AMZN,970.07,SELL,2024-03-05 21:44:00
5258,948,TSLA,841.66,SELL,2024-05-24 13:37:00
5705,256,TSLA,570.4,BUY,2024-03-13 19:38:00
5297,567,TSLA,878.39,SELL,2024-02-12 15:38:00
2941,34,META,375.13,BUY,2024-03-20 00:22:00
9952,894,MSFT,792.64,BUY,2024-03-11 05:59:00
9094,306,MSFT,896.56,SELL,2024-04-03 07:21:00
6298,373,AMZN,243.3,BUY,2024-03-15 04:50:00
7938,586,META,767.71,BUY,2024-04-25 09:01:00
1691,444,MSFT,165.26,SELL,2024-01-24 00:07:00
6298,656,TSLA,800.27,SELL,2024-05-21 15:20:00
5751,260,AMZN,287.62,SELL,2024-01-24 17:16:00
4168,412,META,770.26,SELL,2024-03-28 12:08:00
5705,180,TSLA,816.77,BUY,2024-04-29 17:37:00
5258,553,AMZN,907.31,SELL,2024-03-18 18:01:00
4168,74,TSLA,383.31,SELL,2024-04-16 16:27:00
1691,715,TSLA,291.2,BUY,2024-04-30 06:01:00
7922,786,MSFT,719.68,BUY,2024-05-14 07:48:00
5751,352,META,562.88,BUY,2024-04-10 06:36:00
5751,820,META,341.59,SELL,2024-03-24 01:47:00
4669,250,TSLA,616.88,BUY,2024-01-26 12:26:00
5705,309,MSFT,460.79,BUY,2024-04-24 07:34:00
5705,412,AMZN,221.62,SELL,2024-03-20 06:05:00
4710,656,META,385.62,BUY,2024-02-07 23:31:00
5705,565,META,549.29,BUY,2024-03-18 10:14:00
6298,240,META,903.9,BUY,2024-01-29 19:40:00
4710,866,AMZN,562.13,SELL,2024-03-07 11:05:00
4168,424,TSLA,540.99,BUY,2024-03-06 11:39:00
6298,107,AMZN,300.99,SELL,2024-04-05 00:37:00
4168,24,MSFT,839.43,SELL,2024-05-10 10:17:00
5705,996,AMZN,360.16,BUY,2024-01-31 09:34:00
6298,778,AMZN,238.25,SELL,2024-03-05 21:28:00
5297,643,MSFT,251.5,BUY,2024-05-12 06:02:00
6298,418,META,517.2,SELL,2024-02-06 10:03:00
7938,196,META,305.96,SELL,2024-03-15 19:33:00
9094,389,META,882.28,BUY,2024-04-26 15:15:00
9952,307,MSFT,758.82,SELL,2024-03-19 05:09:00
1691,499,TSLA,381.78,SELL,2024-01-06 14:50:00
5297,885,AMZN,220.04,SELL,2024-05-28 22:48:00
1691,281,META,371.16,SELL,2024-04-22 12:23:00
4168,566,META,890.64,SELL,2024-01-12 19:15:00
5705,860,AMZN,564.98,BUY,2024-02-10 06:35:00
4669,548,TSLA,199.91,SELL,2024-03-12 22:05:00
9952,42,AMZN,121.57,BUY,2024-05-06 04:00:00
9952,196,TSLA,743.32,SELL,2024-02-27 05:05:00
5705,898,META,204.77,SELL,2024-02-16 20:28:00
4669,972,TSLA,363.01,BUY,2024-05-01 12:19:00
7922,402,AMZN,745.59,BUY,2024-05-11 16:30:00
7531,82,MSFT,416.86,BUY,2024-04-03 12:55:00
5751,708,AMZN,811.27,SELL,2024-04-27 23:11:00
5705,129,AMZN,880.51,SELL,2024-05-07 00:02:00
1691,320,TSLA,357.91,BUY,2024-03-21 21:27:00
9952,377,AMZN,729.25,BUY,2024-01-05 09:37:00
9952,768,META,760.04,BUY,2024-05-20 17:39:00
1691,149,MSFT,431.18,SELL,2024-01-25 01:53:00
5705,670,MSFT,119.85,SELL,2024-05-14 15:24:00
7922,83,TSLA,350.84,SELL,2024-01-12 04:14:00
7531,256,META,812.79,BUY,2024-03-03 22:07:00
4168,29,MSFT,776.62,SELL,2024-04-04 04:41:00
5751,885,META,125.48,SELL,2024-04-30 07:49:00
1691,895,MSFT,877.64,SELL,2024-04-24 06:59:00
9952,157,AMZN,930.55,SELL,2024-05-12 20:11:00
4710,433,META,246.94,BUY,2024-03-05 02:49:00
5705,773,AMZN,560.46,BUY,2024-05-26 14:14:00
7922,421,TSLA,621.83,SELL,2024-03-22 19:39:00
4168,848,META,552.08,SELL,2024-02-15 09:53:00
4710,541,MSFT,688.04,SELL,2024-04-09 22:37:00
6298,187,META,954.65,BUY,2024-02-21 02:13:00
2941,101,AMZN,727.79,BUY,2024-05-04 18:55:00
5751,800,META,409.51,SELL,2024-05-22 10:31:00
5751,446,TSLA,281.01,SELL,2024-04-19 10:50:00
5297,823,AMZN,968.93,BUY,2024-03-27 23:01:00
4669,558,META,168.72,SELL,2024-02-10 10:28:00
5751,161,AMZN,181.17,BUY,2024-03-07 17:44:00
4710,386,TSLA,573.55,SELL,2024-03-16 00:58:00
7531,885,MSFT,698.62,SELL,2024-04-25 04:37:00
7922,223,MSFT,230.7,SELL,2024-02-14 00:27:00
5705,947,AMZN,317.71,SELL,2024-05-23 18:44:00
4710,488,TSLA,512.43,SELL,2024-01-18 07:48:00
4168,462,AMZN,881.46,BUY,2024-01-18 01:48:00
5705,554,META,110.41,BUY,2024-03-10 07:56:00
2941,625,AMZN,935.83,SELL,2024-02-11 13:31:00
1691,203,META,520.28,BUY,2024-04-28 14:38:00
1691,256,META,348.15,SELL,2024-01-31 10:14:00
4168,468,TSLA,817.56,BUY,2024-01-24 08:53:00
7922,792,AMZN,217.77,SELL,2024-03-06 13:02:00
2941,318,MSFT,587.71,BUY,2024-01-10 04:30:00
7938,633,TSLA,426.04,SELL,2024-03-10 20:07:00
7922,839,META,365.19,BUY,2024-01-21 03:50:00
5705,205,TSLA,969.17,BUY,2024-01-02 14:52:00
5258,316,MSFT,848.1,BUY,2024-02-19 00:42:00
1691,956,TSLA,299.42,SELL,2024-05-07 10:03:00
1691,689,MSFT,723.35,BUY,2024-05-29 15:15:00
4168,33,TSLA,786.36,SELL,2024-01-07 19:48:00
5297,13,TSLA,708.09,SELL,2024-04-24 01:07:00
9094,828,MSFT,545.95,SELL,2024-03-04 16:01:00
9952,700,AMZN,882.65,BUY,2024-04-16 07:21:00
4669,934,MSFT,238.07,BUY,2024-02-27 21:47:00
4669,15,MSFT,857.91,SELL,2024-04-25 18:57:00
1691,879,MSFT,526.25,BUY,2024-01-20 15:44:00
7922,23,META,451.77,SELL,2024-01-02 15:25:00
7938,138,AMZN,584.8,SELL,2024-02-26 19:31:00
7922,75,MSFT,764.87,SELL,2024-02-18 08:18:00
4168,379,AMZN,885.88,BUY,2024-01-19 02:26:00
1691,311,META,931.25,SELL,2024-01-16 17:04:00
5751,631,TSLA,565.85,SELL,2024-04-19 21:54:00
2941,112,TSLA,746.5,SELL,2024-03-10 23:04:00
9952,496,TSLA,619.57,BUY,2024-05-17 02:59:00
2941,186,AMZN,115.5,SELL,2024-01-11 19:54:00
7938,406,MSFT,126.32,SELL,2024-02-03 00:48:00
4710,1000,AMZN,211.31,SELL,2024-02-16 15:37:00
7938,715,AMZN,645.62,SELL,2024-01-12 02:11:00
5258,219,AMZN,208.04,BUY,2024-02-21 15:03:00
9952,514,AMZN,783.78,BUY,2024-03-20 06:14:00
2941,569,MSFT,404.01,SELL,2024-03-23 10:17:00
1691,440,TSLA,253.25,SELL,2024-04-19 21:57:00
4710,957,AMZN,830.37,BUY,2024-01-31 10:54:00
4710,62,TSLA,345.44,BUY,2024-04-20 16:18:00
5705,559,MSFT,571.34,BUY,2024-02-22 06:28:00
1691,273,META,489.92,BUY,2024-04-20 21:01:00
7922,929,META,977.36,BUY,2024-03-24 22:39:00
5751,166,META,932.22,SELL,2024-02-23 11:46:00
5258,233,MSFT,382.31,BUY,2024-04-13 07:34:00
9094,56,AMZN,409.08,SELL,2024-01-16 22:31:00
6298,759,MSFT,551.26,BUY,2024-01-16 20:35:00
5258,210,MSFT,807.37,SELL,2024-04-05 08:53:00
5297,433,MSFT,426.6,BUY,2024-05-21 09:50:00
4168,491,TSLA,738.5,SELL,2024-03-15 03:59:00
7938,387,MSFT,778.06,SELL,2024-03-20 07:06:00
2941,730,AMZN,548.57,SELL,2024-02-18 04:44:00
5705,159,MSFT,462.68,SELL,2024-03-22 16:14:00
5297,629,TSLA,167.49,SELL,2024-03-19 08:53:00
4710,996,MSFT,529.14,SELL,2024-01-21 22:53:00
7531,656,MSFT,137.24,BUY,2024-02-13 18:46:00
6298,677,MSFT,738.61,SELL,2024-04-01 18:07:00
1691,10,MSFT,142.87,BUY,2024-05-01 19:02:00
5705,403,MSFT,842.44,SELL,2024-04-22 13:36:00
4168,566,META,904.74,SELL,2024-04-25 19:55:00
4168,230,META,624.32,BUY,2024-02-11 00:27:00
5705,925,META,400.54,BUY,2024-02-21 18:03:00
2941,941,TSLA,598.04,BUY,2024-05-11 09:30:00
7922,412,META,377.82,BUY,2024-05-30 06:51:00
4669,177,TSLA,644.68,SELL,2024-04-26 12:52:00
1691,188,TSLA,626.71,BUY,2024-02-25 09:42:00
5705,771,META,141.95,SELL,2024-05-02 11:03:00
5751,192,TSLA,567.78,SELL,2024-01-09 13:49:00
7922,990,META,709.05,SELL,2024-04-20 05:03:00
5705,29,AMZN,531.1,SELL,2024-03-14 01:22:00
6298,348,MSFT,388.63,SELL,2024-02-18 01:46:00
9094,774,AMZN,989.57,BUY,2024-02-10 14:13:00
9094,189,AMZN,726.63,BUY,2024-03-06 01:10:00
6298,369,TSLA,136.36,BUY,2024-03-09 21:51:00
6298,75,AMZN,562.98,BUY,2024-03-25 04:21:00
6298,834,TSLA,184.38,SELL,2024-04-07 02:42:00
1691,880,TSLA,814.07,SELL,2024-02-08 13:41:00
5751,53,MSFT,581.3,BUY,2024-03-03 05:09:00
6298,149,MSFT,537.14,BUY,2024-03-31 20:31:00
7938,53,TSLA,639.59,BUY,2024-05-19 20:25:00
7531,771,META,817.59,SELL,2024-03-06 02:37:00
9094,451,META,470.29,SELL,2024-04-17 15:17:00
2941,772,META,478.16,BUY,2024-04-22 20:52:00
7922,471,META,526.8,SELL,2024-02-19 12:17:00
4168,607,META,214.09,SELL,2024-03-11 00:20:00
1691,142,AMZN,975.57,BUY,2024-04-30 20:21:00
4710,772,META,702.27,SELL,2024-05-09 04:06:00
4168,811,TSLA,823.8,SELL,2024-02-16 06:35:00
5705,675,AMZN,756.61,SELL,2024-02-15 17:32:00
7531,227,AMZN,728.21,SELL,2024-05-09 15:48:00
9094,315,MSFT,861.86,SELL,2024-03-27 13:48:00
6298,99,AMZN,885.91,SELL,2024-02-17 22:26:00
5705,518,META,896.59,BUY,2024-05-22 16:23:00
9952,168,META,484.2,SELL,2024-01-22 09:55:00
7938,935,MSFT,140.64,BUY,2024-03-29 13:58:00
7938,516,META,903.15,BUY,2024-05-05 04:18:00
7531,49,AMZN,699.36,BUY,2024-02-12 07:18:00
4168,176,MSFT,487.66,BUY,2024-03-07 05:13:00
5297,671,AMZN,736.0,BUY,2024-03-29 15:56:00
6298,139,TSLA,403.69,SELL,2024-01-20 02:55:00
4669,928,MSFT,393.64,SELL,2024-03-28 18:12:00
7531,750,TSLA,143.25,SELL,2024-04-13 22:41:00
7938,378,MSFT,683.57,SELL,2024-01-07 02:06:00
4168,59,META,924.77,SELL,2024-01-18 18:49:00
5297,341,META,879.55,BUY,2024-05-28 12:45:00
7938,833,META,821.3,BUY,2024-05-12 13:59:00
7531,572,MSFT,496.52,SELL,2024-04-07 20:24:00
1691,674,AMZN,523.07,BUY,2024-02-22 15:20:00
5705,557,META,791.59,SELL,2024-05-05 09:00:00
7938,585,AMZN,708.69,BUY,2024-04-06 12:43:00
1691,706,AMZN,301.44,SELL,2024-03-28 21:00:00
5751,217,META,233.85,BUY,2024-05-23 14:20:00
5297,503,TSLA,397.63,BUY,2024-02-13 18:36:00
5751,205,MSFT,389.29,BUY,2024-01-03 01:20:00
5751,105,AMZN,275.41,SELL,2024-04-03 05:04:00
5751,401,META,692.03,SELL,2024-01-10 05:22:00
5751,769,MSFT,989.49,BUY,2024-04-16 14:27:00
4168,667,MSFT,861.71,SELL,2024-01-10 03:12:00
1691,934,AMZN,142.59,SELL,2024-01-09 02:19:00
1691,269,AMZN,815.91,BUY,2024-03-26 23:20:00
7938,367,TSLA,847.97,SELL,2024-05-12 09:46:00
5297,62,META,510.15,BUY,2024-01-01 20:26:00
1691,144,TSLA,808.36,BUY,2024-05-14 18:16:00
9094,301,AMZN,583.89,SELL,2024-05-18 16:15:00
4168,997,TSLA,847.87,BUY,2024-02-05 03:51:00
5705,3,TSLA,984.06,SELL,2024-05-28 13:50:00
7531,321,META,505.4,BUY,2024-05-16 07:45:00
2941,782,TSLA,313.22,SELL,2024-03-12 16:44:00
7531,352,META,334.91,BUY,2024-01-03 12:52:00
2941,109,MSFT,735.68,BUY,2024-02-14 11:41:00
4168,180,AMZN,958.35,SELL,2024-05-01 21:08:00
4710,104,AMZN,812.97,SELL,2024-03-04 12:25:00
5297,484,META,994.56,SELL,2024-01-25 05:14:00
5751,520,META,838.45,SELL,2024-02-14 02:51:00
5751,94,TSLA,447.36,BUY,2024-02-23 15:45:00
5751,462,AMZN,609.03,BUY,2024-02-25 23:35:00
6298,664,MSFT,635.19,SELL,2024-01-16 10:11:00
5258,886,TSLA,888.96,SELL,2024-03-12 12:42:00
2941,84,TSLA,925.45,BUY,2024-03-26 15:19:00
5297,686,META,658.99,SELL,2024-02-17 08:58:00
9952,742,TSLA,554.38,SELL,2024-01-17 09:33:00
9094,375,AMZN,480.76,SELL,2024-02-20 22:04:00
9094,227,MSFT,922.1,BUY,2024-03-30 04:48:00
9952,82,MSFT,883.22,BUY,2024-02-28 14:55:00
4669,807,TSLA,131.04,SELL,2024-03-18 05:54:00
2941,442,AMZN,618.04,BUY,2024-04-05 13:45:00
4669,332,AMZN,563.18,SELL,2024-02-05 19:43:00
6298,36,MSFT,794.11,BUY,2024-03-06 13:20:00
7922,655,AMZN,350.85,BUY,2024-02-28 22:27:00
7531,476,MSFT,322.7,BUY,2024-02-19 03:13:00
5751,885,TSLA,549.98,BUY,2024-03-27 16:32:00
7531,638,MSFT,692.13,SELL,2024-01-29 11:14:00
9094,480,MSFT,206.88,SELL,2024-04-05 06:19:00
5258,343,TSLA,819.88,BUY,2024-01-05 23:02:00
5297,338,META,903.67,BUY,2024-05-11 01:18:00
7938,567,MSFT,348.6,SELL,2024-03-03 06:12:00
9952,627,MSFT,879.64,SELL,2024-02-01 08:44:00
5297,740,META,748.26,BUY,2024-04-02 02:16:00
7531,641,MSFT,940.58,SELL,2024-03-28 22:21:00
7938,895,TSLA,730.75,SELL,2024-03-29 07:25:00
7922,488,MSFT,941.73,BUY,2024-05-23 15:56:00
5705,881,META,452.91,SELL,2024-04-29 10:39:00
5258,889,TSLA,599.12,SELL,2024-02-14 21:36:00
5297,396,AMZN,712.01,SELL,2024-02-21 07:16:00
1691,937,META,191.84,SELL,2024-04-01 11:48:00
4168,534,TSLA,254.67,SELL,2024-04-19 18:44:00
4669,305,META,935.24,BUY,2024-01-16 03:57:00
1691,447,META,235.06,BUY,2024-02-19 14:36:00
5258,753,AMZN,108.62,BUY,2024-04-08 21:06:00
6298,636,TSLA,462.94,BUY,2024-05-24 12:32:00
9094,863,META,175.07,BUY,2024-03-18 03:06:00
7922,26,TSLA,785.88,SELL,2024-05-19 16:02:00
7531,254,META,917.53,BUY,2024-02-14 01:42:00
5297,213,META,617.87,BUY,2024-02-17 11:57:00
7938,367,META,425.46,BUY,2024-01-05 22:26:00
7922,570,MSFT,723.26,BUY,2024-03-31 12:42:00
5751,908,MSFT,844.62,SELL,2024-04-29 10:01:00
5705,389,META,703.15,BUY,2024-02-26 14:12:00
5751,78,TSLA,401.39,SELL,2024-02-15 00:39:00
4168,470,AMZN,591.15,BUY,2024-05-10 05:12:00
1691,4,META,234.11,BUY,2024-01-16 19:51:00
5297,276,TSLA,678.34,SELL,2024-05-23 23:33:00
7922,689,AMZN,791.08,BUY,2024-02-06 11:07:00
5258,718,TSLA,406.38,BUY,2024-03-15 15:22:00
1691,369,MSFT,651.43,BUY,2024-03-04 18:53:00
4710,656,MSFT,151.91,BUY,2024-05-20 19:33:00
1691,856,META,218.14,SELL,2024-02-22 21:51:00
6298,852,META,799.83,SELL,2024-01-13 09:41:00
4168,357,AMZN,950.87,SELL,2024-03-14 18:20:00
7938,8,TSLA,690.59,BUY,2024-03-13 07:06:00
5297,301,TSLA,315.85,SELL,2024-03-05 13:56:00
5705,761,META,736.09,BUY,2024-01-05 01:52:00
1691,296,TSLA,602.21,BUY,2024-05-05 20:29:00
5751,125,MSFT,108.52,SELL,2024-05-19 00:56:00
4710,613,META,827.31,BUY,2024-01-22 16:46:00
5297,944,TSLA,894.91,BUY,2024-05-24 07:17:00
1691,460,META,293.19,BUY,2024-02-20 13:08:00
6298,663,AMZN,444.45,BUY,2024-04-08 11:45:00
4669,559,MSFT,256.72,SELL,2024-02-21 23:40:00
7531,159,META,906.42,BUY,2024-01-22 08:13:00
5297,807,META,953.23,SELL,2024-02-12 19:50:00
4168,187,MSFT,327.69,SELL,2024-02-04 16:39:00
9094,990,MSFT,882.59,SELL,2024-03-20 08:02:00
7938,631,META,778.62,SELL,2024-03-04 20:17:00
4710,925,META,311.98,SELL,2024-03-11 12:58:00
7531,920,MSFT,612.42,BUY,2024-03-10 12:59:00
7938,861,TSLA,680.78,BUY,2024-01-10 12:52:00
4710,402,TSLA,656.1,BUY,2024-02-05 05:49:00
7531,210,AMZN,770.04,BUY,2024-02-21 04:08:00
9952,16,MSFT,643.9,BUY,2024-04-28 20:30:00
2941,404,TSLA,180.86,BUY,2024-02-29 22:56:00
5258,449,META,730.35,SELL,2024-02-22 20:51:00
5705,764,META,910.79,SELL,2024-01-07 02:14:00
7531,967,AMZN,520.74,BUY,2024-03-20 21:55:00
7922,53,TSLA,449.36,BUY,2024-03-21 15:24:00
1691,200,META,724.85,SELL,2024-02-19 17:36:00
4168,465,META,483.75,SELL,2024-03-19 01:34:00
7531,681,AMZN,755.01,BUY,2024-02-17 20:05:00
9094,482,TSLA,671.68,BUY,2024-02-29 12:54:00
1691,395,META,502.81,SELL,2024-05-09 23:20:00
7938,928,META,813.6,BUY,2024-05-09 14:56:00
1691,564,AMZN,994.78,SELL,2024-02-12 01:33:00
4710,395,TSLA,951.13,SELL,2024-01-05 08:47:00
7531,223,AMZN,670.33,BUY,2024-04-11 19:38:00
5297,347,TSLA,311.93,SELL,2024-04-20 02:52:00
5705,173,META,567.99,BUY,2024-03-14 23:56:00
4710,74,MSFT,594.81,SELL,2024-02-26 03:11:00
6298,943,AMZN,805.29,BUY,2024-02-29 05:46:00
5297,58,AMZN,255.04,BUY,2024-04-23 13:28:00
5258,653,AMZN,608.1,SELL,2024-01-30 01:45:00
9094,421,MSFT,835.54,BUY,2024-04-16 14:12:00
7922,325,AMZN,637.46,SELL,2024-04-19 10:15:00
9952,525,MSFT,965.46,BUY,2024-05-16 23:24:00
7922,635,AMZN,683.86,SELL,2024-03-06 15:16:00
7531,921,AMZN,442.13,BUY,2024-04-15 17:29:00
4168,472,TSLA,522.46,BUY,2024-04-10 17:16:00
9952,77,AMZN,301.55,SELL,2024-05-20 01:58:00
9094,591,MSFT,374.42,BUY,2024-05-09 20:31:00
2941,374,MSFT,827.1,SELL,2024-02-29 08:19:00
4710,907,MSFT,609.55,SELL,2024-05-24 06:07:00
7531,355,AMZN,367.79,BUY,2024-04-27 14:25:00
5297,4,META,610.05,SELL,2024-02-19 04:23:00
4669,942,TSLA,340.96,BUY,2024-03-22 02:47:00
4710,172,MSFT,326.27,SELL,2024-02-24 13:45:00
4669,124,AMZN,291.35,SELL,2024-01-06 18:18:00
5258,972,TSLA,404.53,SELL,2024-04-05 03:54:00
5705,859,META,536.72,BUY,2024-04-03 06:04:00
4168,582,MSFT,190.67,SELL,2024-04-27 07:34:00
7938,663,MSFT,298.25,SELL,2024-05-16 09:18:00
5705,595,AMZN,545.42,SELL,2024-01-14 18:06:00
7922,992,AMZN,502.86,SELL,2024-04-02 21:11:00
5751,104,META,677.97,BUY,2024-01-31 06:46:00
9094,17,AMZN,172.66,SELL,2024-04-05 16:00:00
2941,652,MSFT,909.19,BUY,2024-01-12 22:52:00
4168,645,AMZN,138.74,BUY,2024-04-08 12:30:00
6298,595,META,266.08,BUY,2024-01-25 17:23:00
5258,174,TSLA,380.51,SELL,2024-05-03 20:18:00
2941,735,META,658.2,BUY,2024-04-14 09:10:00
1691,982,MSFT,252.09,BUY,2024-01-10 03:20:00
9094,653,AMZN,367.54,SELL,2024-04-10 15:34:00
9094,237,AMZN,644.89,SELL,2024-02-29 14:38:00
7922,202,MSFT,823.48,BUY,2024-03-31 04:38:00
5258,611,AMZN,596.96,BUY,2024-01-18 04:45:00
4669,363,MSFT,783.67,BUY,2024-04-03 22:11:00
5705,262,MSFT,478.8,SELL,2024-03-13 04:54:00
6298,893,AMZN,615.45,BUY,2024-05-09 07:52:00
4168,877,AMZN,996.27,SELL,2024-02-27 15:32:00
7938,897,MSFT,463.01,SELL,2024-03-24 17:21:00
1691,191,MSFT,652.41,BUY,2024-01-25 07:00:00
9952,586,TSLA,647.71,BUY,2024-01-25 00:00:00
5705,41,MSFT,988.31,SELL,2024-03-30 07:02:00
9094,921,TSLA,493.9,SELL,2024-04-11 19:21:00
5297,127,MSFT,926.68,SELL,2024-03-24 01:23:00
5258,96,MSFT,657.62,SELL,2024-02-23 14:24:00
7922,929,TSLA,727.47,BUY,2024-02-10 10:23:00
7938,474,META,990.96,SELL,2024-04-09 19:19:00
6298,539,META,104.27,SELL,2024-02-02 22:55:00
9952,114,TSLA,587.99,SELL,2024-03-13 04:17:00
1691,756,META,796.6,BUY,2024-05-10 04:38:00
1691,87,TSLA,698.63,BUY,2024-01-25 19:58:00
5258,771,MSFT,326.19,BUY,2024-01-09 16:00:00
5751,815,TSLA,989.09,SELL,2024-04-26 05:39:00
4710,463,MSFT,358.16,BUY,2024-02-06 10:47:00
9094,887,TSLA,220.92,BUY,2024-03-09 21:26:00
2941,567,TSLA,226.35,BUY,2024-05-13 00:51:00
7938,119,MSFT,715.04,SELL,2024-01-12 09:07:00
7938,621,MSFT,297.14,SELL,2024-01-03 01:16:00
9094,209,AMZN,534.01,SELL,2024-03-29 14:15:00
4669,410,MSFT,759.58,BUY,2024-03-02 00:04:00
5705,803,AMZN,958.19,BUY,2024-01-16 02:08:00
7531,935,TSLA,593.08,BUY,2024-02-08 02:58:00
7938,467,TSLA,925.31,SELL,2024-03-21 19:32:00
7938,384,META,633.1,SELL,2024-04-20 00:35:00
7922,178,AMZN,183.82,BUY,2024-05-10 17:50:00
4710,74,AMZN,615.89,SELL,2024-05-01 22:36:00
4710,829,META,371.95,BUY,2024-04-16 18:41:00
5258,825,MSFT,374.43,SELL,2024-04-01 01:57:00
7922,114,MSFT,769.38,SELL,2024-02-07 18:46:00
9952,652,AMZN,571.8,SELL,2024-04-21 21:40:00
5258,874,AMZN,830.74,SELL,2024-04-20 13:24:00
9094,646,AMZN,996.99,SELL,2024-02-22 18:38:00
9952,647,MSFT,162.83,SELL,2024-04-15 13:37:00
5751,579,TSLA,890.15,BUY,2024-02-14 14:12:00
5258,658,META,289.03,SELL,2024-05-24 06:41:00
6298,382,TSLA,540.91,SELL,2024-04-07 05:51:00
9952,243,MSFT,865.9,BUY,2024-02-07 21:44:00
4168,334,AMZN,967.23,SELL,2024-03-12 03:03:00
6298,567,TSLA,946.4,BUY,2024-01-12 05:40:00
7922,292,AMZN,738.81,BUY,2024-01-26 09:27:00
5297,674,META,750.28,SELL,2024-02-28 09:21:00
5751,246,TSLA,798.84,BUY,2024-02-28 21:45:00
9094,522,META,560.23,BUY,2024-03-19 20:39:00
5751,465,META,633.08,BUY,2024-02-04 02:19:00
5705,175,MSFT,429.1,BUY,2024-02-10 15:48:00
4710,563,TSLA,693.74,BUY,2024-02-09 15:50:00
1691,517,MSFT,784.44,BUY,2024-03-02 18:57:00
2941,25,META,274.61,SELL,2024-02-28 03:00:00
4168,114,MSFT,842.86,SELL,2024-05-05 08:40:00
9094,194,TSLA,205.07,BUY,2024-01-03 15:47:00
5705,659,AMZN,377.58,SELL,2024-05-08 23:07:00
7938,460,TSLA,522.32,BUY,2024-01-24 06:20:00
2941,917,MSFT,522.99,BUY,2024-01-18 04:25:00
7531,904,AMZN,937.01,BUY,2024-01-29 00:27:00
1691,247,MSFT,213.05,BUY,2024-04-21 11:22:00
4669,847,META,915.14,BUY,2024-01-07 17:53:00
7531,307,MSFT,948.21,SELL,2024-04-29 00:37:00
7531,894,META,901.81,BUY,2024-03-24 19:40:00
7922,23,AMZN,667.08,BUY,2024-02-08 10:50:00
5258,416,TSLA,850.48,SELL,2024-01-03 15:42:00
5751,428,TSLA,183.8,SELL,2024-04-18 16:14:00
5705,829,TSLA,732.52,BUY,2024-03-17 01:44:00
5297,709,MSFT,694.61,BUY,2024-05-06 01:21:00
7531,568,TSLA,724.35,SELL,2024-05-21 14:24:00
5258,243,TSLA,772.23,BUY,2024-03-07 11:06:00
4669,726,META,669.43,SELL,2024-05-03 13:16:00
5751,415,META,142.17,SELL,2024-01-10 12:21:00
4168,542,META,351.53,SELL,2024-05-19 14:09:00
9952,614,AMZN,867.91,SELL,2024-05-05 12:11:00
9952,817,MSFT,900.04,BUY,2024-05-14 07:57:00
5258,490,META,288.5,SELL,2024-04-01 04:07:00
6298,896,TSLA,583.4,SELL,2024-02-03 00:30:00
7922,379,META,596.03,BUY,2024-04-06 11:25:00
9952,101,META,299.21,SELL,2024-04-12 12:50:00
5751,377,TSLA,424.64,BUY,2024-01-14 17:22:00
9952,350,AMZN,654.56,SELL,2024-01-10 02:44:00
7938,91,TSLA,126.35,BUY,2024-05-07 23:15:00
5705,453,AMZN,623.28,BUY,2024-05-05 13:54:00
5297,161,TSLA,486.64,BUY,2024-03-01 16:24:00
6298,692,AMZN,157.63,BUY,2024-03-25 11:06:00
4669,989,MSFT,733.45,BUY,2024-01-04 09:57:00
2941,176,AMZN,805.49,SELL,2024-05-01 16:35:00
5297,566,MSFT,554.92,SELL,2024-02-27 01:12:00
9094,782,META,720.72,SELL,2024-05-11 17:05:00
7938,193,META,157.57,BUY,2024-01-21 07:36:00
7938,312,TSLA,288.54,SELL,2024-04-08 01:47:00
1691,248,MSFT,481.86,SELL,2024-02-07 23:39:00
1691,770,TSLA,970.64,SELL,2024-01-21 13:24:00
9094,53,META,259.71,SELL,2024-04-25 22:21:00
9094,760,AMZN,457.63,SELL,2024-04-05 03:29:00
5258,557,TSLA,641.46,BUY,2024-01-22 04:02:00
9952,16,MSFT,960.04,BUY,2024-05-01 22:21:00
4710,383,AMZN,562.48,BUY,2024-03-15 20:19:00
5258,1,MSFT,800.78,SELL,2024-05-15 02:26:00
4168,714,AMZN,942.91,SELL,2024-02-26 23:02:00
7922,954,MSFT,352.66,SELL,2024-01-09 08:13:00
7922,269,AMZN,586.54,BUY,2024-01-21 23:12:00
5751,143,AMZN,884.84,SELL,2024-03-04 10:10:00
4669,419,TSLA,953.25,BUY,2024-03-12 20:43:00
6298,254,TSLA,738.76,SELL,2024-02-06 14:33:00
4168,351,META,492.21,SELL,2024-02-07 20:22:00
9952,619,AMZN,811.67,SELL,2024-01-18 13:04:00
1691,234,TSLA,342.46,BUY,2024-01-14 19:03:00
5258,174,MSFT,430.22,BUY,2024-03-20 09:41:00
2941,591,META,256.15,BUY,2024-04-05 17:09:00
2941,162,META,191.44,BUY,2024-04-01 12:57:00
7531,953,TSLA,724.59,SELL,2024-03-08 22:50:00
2941,928,TSLA,468.8,BUY,2024-05-21 07:49:00
6298,87,TSLA,892.2,BUY,2024-05-15 16:46:00
9094,288,META,277.99,BUY,2024-02-28 10:52:00
5297,898,META,479.32,SELL,2024-02-05 14:42:00
4168,336,TSLA,773.51,BUY,2024-04-12 00:31:00
5258,943,AMZN,565.47,BUY,2024-03-06 00:50:00
9094,748,TSLA,836.92,BUY,2024-02-26 05:41:00
9094,209,META,862.77,BUY,2024-05-21 15:50:00
5258,974,AMZN,638.67,SELL,2024-01-08 08:02:00
4710,915,MSFT,701.29,SELL,2024-01-02 13:07:00
5297,334,MSFT,728.71,BUY,2024-04-23 07:06:00
7531,576,MSFT,900.46,SELL,2024-01-16 12:34:00
5297,38,TSLA,742.41,SELL,2024-04-11 09:38:00
5297,24,META,157.68,SELL,2024-03-19 11:17:00
7922,401,MSFT,209.17,SELL,2024-02-23 13:25:00
5705,277,META,537.81,SELL,2024-05-25 04:30:00
5297,79,TSLA,272.17,BUY,2024-03-08 13:04:00
5751,975,MSFT,610.09,SELL,2024-01-04 22:55:00
2941,160,MSFT,822.12,SELL,2024-04-29 08:21:00
4168,953,MSFT,379.96,BUY,2024-02-16 08:46:00
1691,433,MSFT,904.38,BUY,2024-02-08 09:24:00
4710,514,TSLA,331.17,BUY,2024-04-24 23:05:00
1691,966,META,758.25,SELL,2024-02-26 20:52:00
5297,995,META,553.68,SELL,2024-01-30 15:59:00
7922,423,TSLA,749.92,BUY,2024-03-13 04:52:00
7531,776,META,175.79,SELL,2024-01-22 15:01:00
7531,345,MSFT,224.25,SELL,2024-02-22 13:27:00
6298,588,META,805.71,BUY,2024-02-26 20:31:00
7938,260,AMZN,650.26,SELL,2024-02-22 00:29:00
9952,480,META,357.05,SELL,2024-03-20 13:15:00
7938,979,TSLA,275.71,BUY,2024-01-15 09:24:00
5297,797,MSFT,397.15,BUY,2024-01-01 12:10:00
5297,983,AMZN,295.25,SELL,2024-04-11 06:54:00
9094,996,AMZN,379.8,SELL,2024-05-24 03:01:00
6298,588,MSFT,321.23,BUY,2024-04-10 13:57:00
4168,299,MSFT,690.97,SELL,2024-04-02 22:26:00
5705,421,MSFT,408.26,SELL,2024-04-26 07:03:00
9952,451,META,640.11,SELL,2024-04-02 18:06:00
6298,106,MSFT,976.4,BUY,2024-05-11 20:46:00
2941,719,MSFT,458.51,SELL,2024-02-01 18:28:00
4669,843,META,701.45,BUY,2024-05-05 08:34:00
9094,962,META,996.68,BUY,2024-04-03 03:33:00
4669,961,TSLA,909.49,BUY,2024-02-21 13:32:00
7531,801,MSFT,406.24,BUY,2024-03-25 16:22:00
4669,752,MSFT,966.7,BUY,2024-04-20 16:49:00
9094,657,TSLA,370.78,SELL,2024-03-03 20:50:00
1691,564,MSFT,296.78,BUY,2024-05-11 22:47:00
7531,64,MSFT,262.46,SELL,2024-04-16 13:51:00
4710,129,TSLA,426.91,BUY,2024-02-13 01:01:00
6298,312,TSLA,816.95,SELL,2024-04-28 07:09:00
7531,789,TSLA,374.97,SELL,2024-05-14 10:52:00
5705,764,AMZN,196.22,BUY,2024-03-02 04:15:00
6298,338,MSFT,391.28,BUY,2024-05-29 14:16:00
1691,270,TSLA,531.72,SELL,2024-02-24 08:42:00
6298,859,TSLA,812.28,BUY,2024-02-23 15:24:00
2941,93,TSLA,727.16,SELL,2024-05-29 09:00:00
5297,169,META,555.97,BUY,2024-01-09 02:15:00
9952,325,AMZN,955.83,BUY,2024-05-25 14:52:00
6298,342,TSLA,810.98,BUY,2024-05-20 01:49:00
5705,410,AMZN,928.34,SELL,2024-04-23 19:44:00
7938,5,META,666.91,BUY,2024-05-17 16:35:00
5751,41,MSFT,703.14,BUY,2024-03-06 19:30:00
4168,954,META,947.25,BUY,2024-02-04 06:45:00
5751,433,AMZN,629.49,SELL,2024-01-10 01:27:00
9952,847,TSLA,745.25,BUY,2024-01-22 15:10:00
7938,980,TSLA,808.79,SELL,2024-03-29 08:06:00
9094,540,MSFT,768.55,BUY,2024-02-28 11:10:00
5705,757,AMZN,419.8,BUY,2024-03-08 16:02:00
6298,667,MSFT,924.47,BUY,2024-01-14 21:14:00
5297,757,TSLA,450.97,BUY,2024-04-21 16:38:00
9952,276,AMZN,338.84,BUY,2024-05-26 16:00:00
5705,894,MSFT,456.12,BUY,2024-03-01 15:57:00
5751,635,TSLA,428.89,BUY,2024-03-13 00:20:00
5705,389,TSLA,683.41,SELL,2024-04-26 12:38:00
1691,943,AMZN,380.98,SELL,2024-02-04 12:00:00
5258,851,TSLA,953.12,SELL,2024-04-25 08:39:00
4710,208,TSLA,813.91,BUY,2024-03-14 04:51:00
5258,442,MSFT,343.45,SELL,2024-01-23 12:08:00
4669,591,AMZN,107.84,SELL,2024-03-30 09:00:00
1691,695,MSFT,877.93,BUY,2024-01-11 05:07:00
4710,306,META,505.17,BUY,2024-03-22 22:15:00
7938,200,AMZN,545.12,BUY,2024-02-14 09:00:00
7938,657,MSFT,384.99,SELL,2024-01-13 07:18:00
4168,614,TSLA,375.34,BUY,2024-02-27 23:01:00
2941,635,META,211.66,SELL,2024-01-01 03:09:00
4710,697,META,852.59,SELL,2024-05-08 12:30:00
9094,158,META,353.62,SELL,2024-05-01 15:50:00
7922,327,AMZN,411.79,BUY,2024-05-19 08:17:00
9094,529,MSFT,276.42,SELL,2024-05-01 22:48:00
1691,487,META,523.7,SELL,2024-03-08 06:03:00
6298,385,MSFT,219.42,BUY,2024-02-09 06:00:00
2941,939,MSFT,980.26,SELL,2024-01-16 02:20:00
5705,682,AMZN,639.16,SELL,2024-03-30 07:03:00
2941,60,MSFT,203.59,SELL,2024-03-03 22:23:00
5258,364,MSFT,565.67,SELL,2024-01-18 12:03:00
7922,734,TSLA,682.61,BUY,2024-01-03 17:14:00
9094,293,TSLA,255.31,BUY,2024-04-30 07:18:00
9094,299,AMZN,157.55,BUY,2024-03-01 04:07:00
7531,262,MSFT,203.32,BUY,2024-01-20 15:53:00
9952,238,MSFT,644.44,SELL,2024-01-03 11:05:00
5705,776,TSLA,569.59,BUY,2024-05-21 08:39:00
4168,489,AMZN,891.36,SELL,2024-05-13 23:01:00
6298,53,AMZN,315.46,SELL,2024-02-13 08:59:00
5751,491,TSLA,652.18,SELL,2024-04-21 19:48:00
4669,222,MSFT,989.03,BUY,2024-04-23 00:39:00
2941,535,META,588.38,SELL,2024-01-30 11:28:00
5705,470,TSLA,740.72,SELL,2024-03-26 03:24:00
5705,608,TSLA,599.29,BUY,2024-01-26 19:49:00
9094,237,TSLA,347.92,SELL,2024-01-19 20:46:00
7531,290,TSLA,347.07,SELL,2024-03-29 15:46:00
5751,65,META,636.72,BUY,2024-02-15 00:58:00
7922,554,META,336.88,SELL,2024-02-09 09:17:00
4669,659,META,956.33,SELL,2024-03-04 15:46:00
5297,569,META,735.95,BUY,2024-01-13 06:14:00
5751,691,AMZN,326.08,BUY,2024-02-09 10:06:00
4168,125,MSFT,961.63,SELL,2024-02-10 15:44:00
4168,380,META,723.32,SELL,2024-03-18 12:34:00
1691,545,AMZN,998.39,BUY,2024-03-05 15:40:00
5751,415,META,644.89,BUY,2024-03-14 06:54:00
1691,140,META,768.52,BUY,2024-05-07 22:56:00
5751,357,AMZN,936.33,BUY,2024-04-03 14:09:00
2941,527,META,909.56,SELL,2024-05-16 16:42:00
4168,935,META,500.21,BUY,2024-02-01 11:57:00
9094,733,META,630.29,SELL,2024-04-21 09:49:00
5751,203,AMZN,135.85,BUY,2024-02-29 09:02:00
6298,158,META,283.98,SELL,2024-03-10 17:24:00
4669,703,META,908.65,SELL,2024-03-14 18:36:00
5751,18,MSFT,360.96,SELL,2024-02-01 14:57:00
4669,263,AMZN,414.67,SELL,2024-01-31 03:38:00
7531,125,AMZN,710.05,BUY,2024-03-15 09:49:00
9094,238,MSFT,496.65,BUY,2024-02-13 07:31:00
9952,567,META,952.31,BUY,2024-04-21 03:18:00
4168,53,AMZN,832.58,SELL,2024-04-19 01:05:00
7938,281,MSFT,569.1,SELL,2024-03-12 07:26:00
4168,619,AMZN,172.35,SELL,2024-01-23 06:07:00
6298,311,MSFT,320.7,SELL,2024-01-14 15:34:00
1691,817,META,844.46,BUY,2024-03-25 10:12:00
6298,508,AMZN,997.18,SELL,2024-03-24 10:42:00
5258,972,AMZN,718.65,SELL,2024-05-30 21:52:00
2941,50,MSFT,142.96,SELL,2024-05-13 00:09:00
9952,372,META,962.61,SELL,2024-02-12 11:11:00
9094,501,META,846.78,SELL,2024-02-01 06:39:00
4168,725,META,668.0,SELL,2024-05-24 01:15:00
5258,551,AMZN,294.95,BUY,2024-02-18 06:17:00
4168,211,MSFT,720.16,BUY,2024-01-27 12:18:00
4669,100,META,771.01,SELL,2024-05-12 05:23:00
7531,939,AMZN,966.77,SELL,2024-02-05 04:27:00
4710,677,META,962.49,BUY,2024-05-15 16:17:00
7922,956,META,504.94,SELL,2024-03-25 02:55:00
9094,813,AMZN,432.04,SELL,2024-03-30 12:41:00
5751,910,META,847.54,SELL,2024-04-26 20:29:00
4168,764,AMZN,137.48,SELL,2024-04-05 09:35:00
5258,776,AMZN,772.68,BUY,2024-03-17 20:07:00
5297,263,MSFT,237.47,SELL,2024-04-05 18:29:00
7922,878,META,136.19,BUY,2024-04-19 07:26:00
5258,619,TSLA,873.64,BUY,2024-04-07 16:13:00
1691,982,AMZN,878.28,SELL,2024-04-01 00:15:00
4168,331,MSFT,200.83,BUY,2024-02-16 22:08:00
4669,990,AMZN,575.82,BUY,2024-05-30 02:23:00
7531,2,AMZN,845.41,SELL,2024-05-21 04:07:00
4669,288,MSFT,386.46,BUY,2024-05-29 23:35:00
9952,803,AMZN,860.04,SELL,2024-02-18 09:23:00
5705,644,MSFT,126.02,SELL,2024-04-18 20:21:00
5705,372,MSFT,556.06,SELL,2024-01-25 16:44:00
7531,863,AMZN,605.56,SELL,2024-04-17 04:16:00
4710,786,META,434.7,SELL,2024-04-01 01:02:00
9952,354,TSLA,803.15,BUY,2024-02-03 06:58:00
4168,303,AMZN,896.51,BUY,2024-04-12 12:45:00
7922,680,META,811.65,SELL,2024-03-22 03:55:00
5705,114,META,483.07,SELL,2024-01-23 22:49:00
7922,966,META,530.3,BUY,2024-05-30 02:38:00
7938,236,TSLA,411.94,BUY,2024-05-08 08:38:00
5258,747,MSFT,623.85,SELL,2024-03-02 23:55:00
5751,420,MSFT,130.0,SELL,2024-01-12 05:25:00
5258,266,TSLA,451.35,SELL,2024-03-01 06:52:00
7922,899,META,329.31,BUY,2024-04-07 20:58:00
5258,529,MSFT,574.87,SELL,2024-01-23 05:33:00
7531,134,TSLA,354.86,SELL,2024-02-03 08:29:00
6298,373,META,876.08,BUY,2024-03-31 14:15:00
7531,285,AMZN,955.91,BUY,2024-03-07 06:17:00
5297,404,AMZN,586.99,SELL,2024-05-16 04:10:00
5258,68,MSFT,126.23,BUY,2024-05-18 08:26:00
4669,281,AMZN,281.5,SELL,2024-04-08 17:16:00
4710,175,MSFT,332.52,SELL,2024-03-13 20:39:00
5258,625,MSFT,159.09,SELL,2024-04-17 10:30:00
5258,760,META,936.69,BUY,2024-03-23 05:23:00
6298,311,MSFT,885.56,BUY,2024-03-10 16:32:00
4710,748,MSFT,878.85,SELL,2024-03-16 01:42:00
4669,471,TSLA,734.01,SELL,2024-03-11 03:08:00
6298,984,MSFT,601.05,SELL,2024-02-04 17:21:00
6298,294,TSLA,219.6,BUY,2024-04-07 16:38:00
5258,555,AMZN,812.01,SELL,2024-01-31 23:20:00
9094,589,META,410.11,SELL,2024-01-31 21:31:00
5258,715,AMZN,480.34,SELL,2024-02-03 11:26:00
6298,70,META,943.45,BUY,2024-04-01 18:47:00
2941,877,MSFT,256.16,BUY,2024-04-19 13:52:00
2941,619,AMZN,943.86,BUY,2024-03-17 10:31:00
5297,381,AMZN,888.51,BUY,2024-05-12 03:23:00
7938,199,META,988.31,BUY,2024-02-25 11:12:00
2941,501,MSFT,526.68,SELL,2024-05-04 01:40:00
5751,635,META,406.63,SELL,2024-04-20 22:57:00
9952,805,META,192.06,BUY,2024-01-03 19:02:00
9094,393,MSFT,218.56,SELL,2024-02-14 04:36:00
5751,219,META,342.12,BUY,2024-02-13 21:27:00
9952,721,META,377.22,BUY,2024-02-08 03:47:00
4168,693,MSFT,617.86,BUY,2024-02-07 20:39:00
7531,279,AMZN,963.4,SELL,2024-02-13 07:39:00
5297,629,AMZN,688.39,BUY,2024-04-18 22:11:00
5297,56,TSLA,804.29,BUY,2024-05-18 01:58:00
7531,356,AMZN,390.49,BUY,2024-02-03 06:54:00
5751,821,MSFT,385.22,BUY,2024-02-23 12:52:00
9094,439,MSFT,109.96,SELL,2024-05-07 10:37:00
9094,710,TSLA,113.05,BUY,2024-02-05 16:30:00
6298,398,MSFT,227.55,SELL,2024-03-15 13:57:00
1691,298,MSFT,513.01,SELL,2024-02-26 01:22:00
9094,685,AMZN,411.63,BUY,2024-04-20 02:54:00
6298,539,TSLA,226.38,SELL,2024-04-17 03:48:00
2941,943,TSLA,195.4,BUY,2024-04-20 09:44:00
7531,437,AMZN,963.35,SELL,2024-02-03 23:08:00
6298,775,AMZN,998.02,BUY,2024-01-10 05:01:00
6298,718,AMZN,593.98,SELL,2024-04-25 22:50:00
4710,368,META,505.54,BUY,2024-02-05 14:11:00
2941,835,META,100.57,SELL,2024-05-17 01:42:00
4168,982,TSLA,247.18,BUY,2024-05-23 10:13:00
5297,278,AMZN,987.06,SELL,2024-04-30 06:12:00
7938,157,AMZN,529.09,BUY,2024-05-09 11:48:00
4669,946,AMZN,203.28,BUY,2024-03-25 22:10:00
9094,482,TSLA,765.93,SELL,2024-05-11 03:43:00
6298,692,TSLA,465.72,BUY,2024-02-17 14:10:00
5705,635,AMZN,109.84,BUY,2024-04-18 05:29:00
7922,438,META,654.68,BUY,2024-02-29 02:48:00
7938,458,META,665.06,SELL,2024-05-19 12:49:00
6298,614,MSFT,687.06,SELL,2024-04-13 18:00:00
4710,388,MSFT,449.38,BUY,2024-02-26 09:14:00
7938,1000,META,350.72,SELL,2024-02-19 02:28:00
5751,195,TSLA,699.07,SELL,2024-01-10 11:57:00
5751,927,META,124.84,BUY,2024-01-05 04:35:00
4168,824,MSFT,623.4,SELL,2024-03-25 16:29:00
5751,927,MSFT,765.99,SELL,2024-05-17 00:05:00
4710,980,META,332.94,SELL,2024-01-03 02:00:00
5258,550,MSFT,325.99,BUY,2024-04-20 10:08:00
7531,95,MSFT,102.06,BUY,2024-05-28 19:31:00
5705,574,META,648.12,BUY,2024-01-05 19:38:00
9952,704,META,740.46,BUY,2024-01-06 05:18:00
6298,86,TSLA,558.5,SELL,2024-05-10 06:44:00
1691,779,MSFT,224.37,SELL,2024-03-23 09:38:00
9952,533,TSLA,856.48,SELL,2024-03-06 21:08:00
5258,516,MSFT,932.37,SELL,2024-03-09 21:06:00
1691,655,TSLA,188.15,SELL,2024-05-23 21:47:00
4669,445,MSFT,394.57,SELL,2024-05-25 01:44:00
5705,754,MSFT,185.3,BUY,2024-01-07 14:24:00
6298,751,MSFT,311.14,BUY,2024-05-27 20:57:00
4710,101,TSLA,250.48,BUY,2024-01-01 04:59:00
6298,512,MSFT,137.19,BUY,2024-05-17 12:50:00
5258,341,MSFT,512.37,SELL,2024-04-22 04:01:00
7922,217,AMZN,738.44,BUY,2024-01-20 07:12:00
6298,788,META,404.81,SELL,2024-02-25 23:05:00
5705,806,MSFT,877.8,BUY,2024-03-16 22:44:00
1691,951,MSFT,872.35,BUY,2024-03-14 21:05:00
4669,531,TSLA,738.09,BUY,2024-03-17 06:00:00
7531,878,MSFT,157.63,SELL,2024-02-10 12:32:00
7938,898,META,840.35,BUY,2024-01-21 18:54:00
9094,746,TSLA,280.56,BUY,2024-05-21 14:03:00
5297,213,TSLA,725.67,SELL,2024-02-15 22:05:00
9952,538,META,993.45,SELL,2024-02-12 12:31:00
6298,81,META,946.21,BUY,2024-05-30 10:14:00
5751,90,META,743.23,SELL,2024-05-30 21:20:00
4168,837,TSLA,961.99,SELL,2024-04-14 17:22:00
5705,696,META,246.95,BUY,2024-01-25 01:05:00
9952,245,MSFT,938.69,SELL,2024-05-19 13:50:00
6298,91,META,492.31,SELL,2024-02-18 02:34:00
9952,368,TSLA,263.44,SELL,2024-02-16 21:18:00
5258,838,MSFT,842.67,SELL,2024-03-07 00:30:00
9952,449,META,778.09,BUY,2024-05-13 13:35:00
7922,964,AMZN,131.7,SELL,2024-03-13 11:44:00
7531,155,MSFT,348.47,SELL,2024-04-24 11:50:00
6298,5,META,948.76,BUY,2024-04-01 02:57:00
5705,486,META,623.67,BUY,2024-05-30 16:16:00
2941,438,TSLA,728.59,BUY,2024-02-08 09:36:00
5751,40,MSFT,355.56,BUY,2024-03-01 19:36:00
9094,201,MSFT,393.97,SELL,2024-03-09 20:44:00
4669,911,AMZN,656.53,BUY,2024-05-07 19:40:00
1691,773,MSFT,446.79,SELL,2024-02-22 10:10:00
7531,505,META,926.23,SELL,2024-05-17 04:43:00
5751,682,META,606.37,BUY,2024-04-12 22:25:00
1691,65,TSLA,670.62,SELL,2024-05-27 12:34:00
2941,275,TSLA,997.35,SELL,2024-04-05 11:13:00
5258,785,AMZN,578.38,BUY,2024-02-07 03:10:00
4669,680,META,692.58,SELL,2024-01-31 07:28:00
4168,895,MSFT,348.33,SELL,2024-05-18 06:15:00
7531,434,META,839.58,SELL,2024-05-09 08:13:00
7922,614,AMZN,907.59,SELL,2024-02-28 07:56:00
7531,601,AMZN,109.53,SELL,2024-02-17 05:58:00
7938,175,META,435.44,SELL,2024-01-16 23:27:00
6298,946,MSFT,538.36,BUY,2024-05-27 02:15:00
